animal_id,recording_date,source_file,window_source,window_start,window_end,rule_used,start_annotation,end_annotation,n_beats,heart_rate_bpm,rr_mean_ms,rr_std_ms,r_amplitude_mv,qrs_duration_ms,j_wave_amplitude_mv,t_wave_amplitude_mv,rt_interval_ms,qt_ms,qtc_ms,qt_std_ms,qrs_std_ms,r_amplitude_std_mv,rr_cv,annotated_window_HR,annotated_window_rr_std,overrode_inrange_annotation,status,reason
125,2024-11-14,2024 11 14 125.txt,annotated,18099,29299,A_same_*,#* ecg baseline,#* ecg baseline end,94,500.4,119.91,18.12,0.1791,5.0,0.0529,0.0031,64.0,91.21,83.29,5.5012858186303415,0.3864108672153545,0.01827733286846357,0.1511,500.3586800573888,18.12376287470852,False,OK,passed gate
130,2024-11-15,2024 11 15 130.txt,annotated,20799,86299,A_same_*,#* ecg baseline,#* ecg baseline end,565,516.8,116.11,35.97,0.1731,6.0,0.0405,0.0296,56.0,59.89,55.58,8.401942066823684,1.4699138271277348,0.027341482277621926,0.3098,516.7595632587615,35.9712338811335,False,OK,passed gate
123,2024-11-14,2024_11 _14_123.txt,annotated,82849,119249,A_same_*,#* ecg start,#* ecg end,305,502.6,119.38,26.33,0.249,6.0,0.0943,0.0209,75.0,79.08,72.38,8.613933418105589,13.176831060424362,0.0541270203895002,0.2206,502.60395139290733,26.33081598302206,False,OK,passed gate
101,2024-11-01,2024_11_01_101.txt,annotated,472364,502364,D_single_30s,#1 ecg,,196,400.3,149.89,97.42,0.573,6.0,0.1402,0.071,58.0,65.63,53.61,18.87093196549738,4.302652729749464,0.367532948201255,0.65,400.3010811550568,97.42243856431706,False,OK,passed gate
102,2024-11-01,2024_11_01_102.txt,annotated,83509,113509,D_single_30s,#* ecg,,180,366.9,163.52,240.83,2.4661,6.0,0.9996,0.6051,40.0,64.53,50.46,19.02495878060643,2.249905163874866,3.4107903403195223,1.4728,366.9285958319098,240.829963344977,False,NEEDS_REVIEW,
105,2024-11-01,2024_11_01_105.txt,annotated,69099,107949,A_same_3,#3 ecg baseline 2,#3 ecg baseline 2 done,291,450.9,133.06,59.21,0.2941,6.0,0.1684,0.0535,52.0,59.37,51.47,12.706753603706902,19.601645538456626,0.09298075163185866,0.445,450.91738364258316,59.21408238584801,False,OK,passed gate
106,2024-11-01,2024_11_01_106.txt,annotated,24999,54999,D_single_30s,#* ecg,,232,464.9,129.07,27.89,0.8479,6.0,0.0507,0.0515,57.0,74.72,65.77,20.419528239111045,4.2536262018210635,0.5934453271909969,0.2161,464.851086664878,27.88904638631516,False,OK,passed gate
107,2024-11-01,2024_11_01_107.txt,annotated,303059,333059,D_single_30s,#* ecg,,150,303.1,197.98,395.33,3.1318,6.0,0.7619,0.5216,64.0,68.48,48.67,19.631178880994458,6.064323194861079,3.3081312991703347,1.9968,303.06112071595646,395.3307966514409,False,NEEDS_REVIEW,
108,2024-11-01,2024_11_01_108.txt,annotated,133649,163649,D_single_30s,#* baseline ecg,,231,460.9,130.19,19.06,0.4828,6.0,0.0841,0.0034,77.0,76.93,67.43,14.52476879521916,0.49168053532898043,0.04174705295808437,0.1464,460.8756637611462,19.055533743315692,False,OK,passed gate
109,2024-11-01,2024_11_01_109.txt,annotated,2591854,2651854,C_long_baseline,#*       15 min baseline start,#1       15 min baseline end,171,170.8,351.38,328.05,0.7391,4.0,0.4242,0.2887,40.0,58.79,31.36,19.52894052610866,2.071387277209096,0.3830632582738675,0.9336,170.75416422532854,328.04520675495974,False,NEEDS_REVIEW,
119,2024-11-01,2024_11_01_119.txt,annotated,64349,90049,A_same_*,#* ecg baseline,#* ecg baseline end,248,578.3,103.74,23.44,0.2282,6.0,0.0414,0.0556,65.0,81.77,80.28,19.851668559311193,2.7697223072752015,0.052903576318363274,0.2259,578.3414634146342,23.43811529699346,False,OK,passed gate
114,2024-11-01,2024_11_114.txt,annotated,37599,54099,A_same_*,#* ecg baseline,#* ecg baseline end,56,205.4,292.18,278.91,0.3362,6.0,0.0728,0.0842,61.0,65.74,38.46,19.05131641133575,1.7274047943519102,0.12633625552383718,0.9546,205.35158680771625,278.9110498660348,False,NEEDS_REVIEW,
111,2024-11-13,2024_11_13_111.txt,annotated,266349,281449,A_same_*,#* ecg baseline,#* ecg baseline end,72,283.6,211.58,322.99,1.2645,6.0,0.683,1.037,40.0,63.69,43.79,19.350851231183047,0.8365026067277588,0.164922025634997,1.5266,283.584076687525,322.98879511621413,False,NEEDS_REVIEW,
112,2024-11-13,2024_11_13_112.txt,annotated,37449,54799,A_same_*,#* ecg baseline,#* ecg baseline end,87,313.8,191.22,264.79,3.2894,6.0,1.4035,1.9789,40.0,58.7,42.45,21.487113005091825,1.0443647228907171,1.4692822698454455,1.3848,313.7731833384007,264.7945885870911,False,NEEDS_REVIEW,
113,2024-11-13,2024_11_13_113.txt,annotated,108599,122249,A_same_*,#* ecgbaseline,#* ecgbaseline end,46,213.0,281.69,182.15,0.397,6.0,0.0453,0.0551,57.0,67.49,40.21,17.1042713250514,1.0550503841671797,0.10152066819096223,0.6466,213.0009466708741,182.14577356689568,False,NEEDS_REVIEW,
115,2024-11-13,2024_11_13_115.txt,annotated,66804,121014,A_same_*,#* ecg baseline,#* ecg baseline end,408,454.9,131.9,716.72,1.704,8.0,0.3176,0.9476,80.0,64.14,55.85,20.918742882558092,1.4127937336770602,0.5644836982117912,5.4339,454.90108416228907,716.7189878546185,False,NEEDS_REVIEW,
124,2024-11-13,2024_11_13_124.txt,annotated,25349,41249,A_same_*,#* ecg baseline,#* ecg baseline stop,132,496.7,120.81,9.77,0.2224,6.0,0.0376,0.0032,77.0,79.01,71.88,18.70088594884766,1.3722664865387917,0.11498402136956651,0.0808,496.65108050044233,9.765807307458623,False,OK,passed gate
116,2024-11-14,2024_11_14_116.txt,annotated,38804,50804,A_same_*,#* ecg baseline,#* ecg baseline end,105,530.5,113.1,1.27,0.2381,6.0,0.0408,0.0485,76.0,80.47,75.67,4.6412178941419615,0.4910513632749223,0.025044859160663686,0.0112,530.5220200646149,1.265825880825474,False,OK,passed gate
117,2024-11-14,2024_11_14_117.txt,annotated,36349,56699,B_cross,#* ecg baseline,#2 ecg baseline end,114,336.2,178.47,171.37,0.7962,9.0,0.2849,0.2176,56.0,56.25,42.11,23.60024977828443,42.849351501124545,1.1901923997665314,0.9602,336.1927902018149,171.3692270464806,False,NEEDS_REVIEW,
120,2024-11-14,2024_11_14_120.txt,annotated,29899,47249,A_same_*,#* ecg baseline,#* ecg baseline end,27,93.1,644.54,654.42,0.6807,6.0,0.3795,0.4558,40.0,52.12,20.53,14.219217764917795,2.4648295306946917,0.2093807010006853,1.0153,93.08986752595776,654.4202460663473,False,NEEDS_REVIEW,
121,2024-11-14,2024_11_14_121.txt,annotated,53999,67499,A_same_*,#* ecg baseline,#* ecg baseline end,26,124.8,480.72,324.21,0.4535,6.0,0.0971,0.0117,69.0,60.64,27.66,18.53579665338821,2.1629751590024187,0.03620773939029778,0.6744,124.81278082875686,324.2074335976891,False,NEEDS_REVIEW,
122,2024-11-14,2024_11_14_122.txt,annotated,27249,41599,A_same_*,#* ecg start,#* ecg stop,132,551.7,108.76,5.01,0.3829,6.0,0.0803,0.017,65.0,67.71,64.93,10.998570851819213,0.375,0.03434085650186116,0.0461,551.656372824256,5.013569373469905,False,OK,passed gate
126,2024-11-15,2024_11_15_126.txt,annotated,48449,78449,D_single_30s,#* ecg baseline,,225,452.4,132.62,77.78,0.3001,14.0,0.1246,0.0279,40.0,65.22,56.63,15.24935569593516,28.275184289492096,1.0683618766021004,0.5865,452.41862187363245,77.78476528808508,False,OK,passed gate
127,2024-11-15,2024_11_15_127.txt,annotated,178449,190949,A_same_*,#* ecg baseline,#* ecg baseline end,115,559.7,107.2,19.83,0.1465,5.0,0.0301,0.0289,58.0,64.2,62.0,10.1853487784878,0.6346732408505672,0.03441269376527916,0.185,559.6923328696506,19.83434931688195,False,OK,passed gate
128,2024-11-15,2024_11_15_128.txt,annotated,25155,40705,A_same_*,#* ecg baseline,#* ecg baseline end,144,553.6,108.38,1.14,0.3725,6.0,0.0559,0.0121,64.0,66.69,64.06,7.020092545430241,0.4530656579071883,0.020113379270576333,0.0106,553.584102200142,1.1440173649516614,False,OK,passed gate
129,2024-11-15,2024_11_15_129.txt,annotated,50699,65199,A_same_*,#* ecg baseline,#* ecg baseline end,127,524.6,114.37,17.85,0.272,6.0,0.0862,0.0411,58.0,62.52,58.46,6.2184616560139965,0.5484044519862147,0.02172655179106728,0.1561,524.5992644507668,17.85350794750841,False,OK,passed gate
131,2024-11-18,2024_11_18_131.txt,annotated,23249,53249,D_single_30s,#* ecg baseline,,230,462.0,129.88,62.26,0.5712,7.0,0.1419,0.0744,63.0,65.15,57.17,17.93977617796402,15.555420847753,0.3358801871360827,0.4793,461.95743536294253,62.255621059322486,False,OK,passed gate
132,2024-11-18,2024_11_18_132.txt,annotated,154399,166049,A_same_*,#* baseline,#* baseline end,110,565.7,106.06,4.12,0.3249,6.0,0.0301,0.0324,64.0,66.57,64.64,6.762935233716392,0.3500761939383121,0.018999045699618737,0.0388,565.7439446366782,4.118240505238545,False,OK,passed gate
133,2024-11-18,2024_11_18_133.txt,annotated,36699,66899,A_same_*,#* ecg baseline,#* ecg baseline end,280,557.3,107.67,0.98,0.3518,6.0,0.0742,0.0442,66.0,71.13,68.55,2.1926319091467428,0.3226387836947783,0.019570270577676376,0.0091,557.2569906790945,0.9812323085281863,False,OK,passed gate
134,2024-11-18,2024_11_18_134.txt,annotated,255199,342799,A_same_*,#* ecg baseline,#* ecg baseline end,873,597.8,100.36,17.0,0.8395,6.0,0.1888,0.1484,63.0,70.29,70.17,11.920484364053232,1.672058528305531,1.8861876627625116,0.1694,597.8472015906026,17.002091152287736,False,OK,passed gate
135,2024-11-18,2024_11_18_135.txt,annotated,78449,98849,A_same_*,#* ecg baseline,#* ecg baseline end,175,515.0,116.51,0.62,0.3584,6.0,0.0821,0.0453,67.0,70.72,65.52,4.900071159745539,0.4401236551609508,0.026961745608500128,0.0053,514.9960536700868,0.6152881409380309,False,OK,passed gate
136,2024-11-18,2024_11_18_136.txt,annotated,61799,91799,D_single_30s,#* ecg baseline,,297,595.7,100.72,1.41,0.3786,6.0,0.0198,0.0556,65.0,80.65,80.36,13.503508316067542,1.1695037238037236,0.06375946268122124,0.014,595.6932984503925,1.41095445971961,False,OK,passed gate
137,2024-11-18,2024_11_18_137.txt,annotated,41149,58999,A_same_*,#* ecg baseline,#* ecg baseline end,170,569.9,105.28,0.72,0.3207,5.0,0.022,0.0235,65.0,71.63,69.81,7.854852626685308,0.31495903222084426,0.02904094150291074,0.0068,569.9190647482014,0.7151797729493989,False,OK,passed gate
138,2024-11-18,2024_11_18_138.txt,annotated,46649,63799,A_same_*,#* ecg baseline,#* ecg baseline end,152,530.6,113.07,1.05,0.1199,4.0,0.0251,0.0383,70.0,74.07,69.65,4.357591174690864,0.4741647548744009,0.01966936883150812,0.0093,530.6313693334895,1.052611595023504,False,OK,passed gate
139,2024-11-18,2024_11_18_139.txt,annotated,29299,61499,A_same_*,#* ecg baseline,#* ecg baseline end,368,685.6,87.51,26.64,0.2667,6.0,-0.0091,0.1094,55.0,59.84,63.96,3.3780611024865235,0.5021996677869508,0.012801996071987348,0.3044,685.5968615729498,26.636680591563437,False,NEEDS_REVIEW,
140,2024-11-18,2024_11_18_140.txt,annotated,74849,91499,A_same_*,#* baseline,#* baseline end,159,574.4,104.46,4.27,0.2089,6.0,0.0091,0.0217,68.0,74.31,72.71,12.795618468995979,0.5563905750377645,0.021178926980725273,0.0409,574.4062045564712,4.273447774530717,False,OK,passed gate
141,2024-11-18,2024_11_18_141.txt,annotated,25099,102949,A_same_*,#* ecg baseline,#* ecg baseline end,635,489.6,122.55,17.05,0.3597,6.0,0.0807,0.0061,73.0,77.3,69.83,11.352083806113338,0.5851299575398533,0.06818735802592467,0.1391,489.6067958041058,17.049277175249514,False,OK,passed gate
142,2024-11-18,2024_11_18_142.txt,annotated,22099,41749,A_same_*,#* ecg baseline,#* ecg baseline end,170,517.0,116.05,3.98,0.5104,6.0,0.027,0.0179,76.0,80.11,74.36,8.889233594387221,0.39548713180509204,0.02573720035544211,0.0343,517.0303895574139,3.9833143816358896,False,OK,passed gate
143,2024-11-19,2024_11_19_143.txt,annotated,41899,71299,A_same_*,#* ecg baseline,#* ecg baseline end,271,553.6,108.39,2.87,0.238,5.0,-0.002,0.0423,65.0,71.44,68.62,6.866778935964781,0.39939753775441583,0.014334714128750542,0.0264,553.5622757560226,2.865100001282364,False,OK,passed gate
144,2024-11-19,2024_11_19_144.txt,annotated,31349,109099,A_same_*,#* ecg baseline,#* ecg baseline end,756,583.5,102.83,7.89,0.2856,6.0,0.0957,0.046,65.0,70.4,69.42,6.907860910106113,2.185379418906978,0.08444630856048106,0.0767,583.4921943428307,7.885197405089987,False,OK,passed gate
145,2024-11-19,2024_11_19_145.txt,annotated,13349,31349,A_same_*,#* ecg baseline,#* ecg baseline end,133,442.7,135.55,2.49,0.3467,5.0,0.0276,0.0032,65.0,97.52,83.76,4.359808747060654,0.33751535925556286,0.021770508879277794,0.0184,442.6559356136821,2.4877214086545982,False,OK,passed gate
146,2024-11-19,2024_11_19_146.txt,annotated,69549,90999,A_same_*,#* ecg baseline,#* ecg baseline end,145,405.7,147.91,15.35,0.5077,6.0,0.0617,-0.0121,76.0,69.45,57.11,22.07244348967815,0.7545129986054004,0.01930966126983681,0.1038,405.6528475515282,15.349956467647182,False,OK,passed gate
147,2024-11-19,2024_11_19_147.txt,annotated,162749,177249,A_same_*,#* ecg baseline,#* ecg baseline end,127,530.4,113.13,10.05,0.1485,4.0,0.0325,0.0707,76.0,80.18,75.39,2.5527762664727724,0.4192207434586601,0.019982696478779594,0.0888,530.377437912165,10.046280208701429,False,OK,passed gate
148,2024-11-19,2024_11_19_148.txt,annotated,40149,69949,A_same_*,#* ecg baseline,#* ecg baseline end,209,422.0,142.18,8.13,0.4005,6.0,0.0463,-0.0134,46.0,93.4,78.33,12.14383580815381,0.5738055849357896,0.019424501920506213,0.0572,422.0065600378724,8.126540959553358,False,OK,passed gate
149,2024-11-19,2024_11_19_149.txt,annotated,64299,88899,A_same_*,#* baseline ecg,#* baseline ecg end,158,384.8,155.92,6.39,0.4738,6.0,0.0325,-0.0011,71.0,82.28,65.89,17.32555984093927,0.7885655974321576,0.031852746589949535,0.041,384.80392156862746,6.386626051682075,False,NEEDS_REVIEW,
150,2024-11-19,2024_11_19_150.txt,annotated,21549,42049,A_same_*,#* baseline ecg,#* baseline ecg end,163,476.5,125.91,1.84,0.2257,6.0,0.0174,-0.0021,71.0,91.12,81.21,5.060341427711884,0.4347127273033343,0.016619457061212428,0.0146,476.54066774525666,1.8408935028645435,False,OK,passed gate
151,2024-11-26,2024_11_26_151.txt,annotated,64149,86499,A_same_*,#* baseline,#* baseline end,125,343.6,174.63,144.12,0.1128,5.0,0.0408,0.0627,67.0,70.85,53.62,8.594412177179038,9.446234955722288,0.029780301585288074,0.8253,343.585480742588,144.1235619234235,False,NEEDS_REVIEW,
152,2024-11-26,2024_11_26_152.txt,annotated,20749,36399,A_same_*,#* baseline,#* baseline end,149,570.3,105.22,6.12,0.3066,6.0,0.0243,0.0225,69.0,71.57,69.77,9.65343438980176,6.156865957271172,0.06572202303039738,0.0581,570.2543025944002,6.115154077789813,False,OK,passed gate
153,2024-11-26,2024_11_26_153.txt,annotated,30749,68049,A_same_*,#* baseline,#* baseline end,305,489.9,122.46,8.77,0.2731,6.0,0.0327,-0.0065,70.0,89.87,81.21,7.300689614144425,0.5748843271444358,0.035002662804922174,0.0716,489.9406376749308,8.766422960952255,False,OK,passed gate
154,2024-11-26,2024_11_26_154.txt,annotated,19199,39599,A_same_*,#* ecg baseline,#* ecg baseline end,191,562.3,106.71,0.79,0.3329,6.0,0.1087,0.0141,63.0,67.46,65.31,8.209015678441386,0.45264305672420335,0.02531269059887921,0.0074,562.2965374371116,0.7884575285307721,False,OK,passed gate
155,2024-11-26,2024_11_26_155.txt,annotated,21399,37999,A_same_*,#* ecg baseline,#* ecg baseline end,149,537.1,111.72,2.75,0.3159,6.0,0.1485,-0.0108,69.0,70.53,66.73,11.183281951510105,0.4200057243642544,0.028301372505254243,0.0246,537.0751179387928,2.7504867609789145,False,OK,passed gate
156,2024-11-26,2024_11_26_156.txt,annotated,104799,128049,A_same_*,#* ecg baseline,#* ecg baseline end,178,459.8,130.5,12.43,0.1792,4.0,0.0318,0.0046,65.0,96.63,84.59,5.343767892043667,0.5095197637093085,0.019117503311874225,0.0953,459.780067538315,12.43442997459131,False,OK,passed gate
157,2024-11-26,2024_11_26_157.txt,annotated,86899,102649,A_same_*,#* ecg baseline,#* ecg baseline end,152,582.4,103.02,8.22,0.2644,6.0,0.0738,0.0252,65.0,68.07,67.07,5.427323507571707,0.7574831751441072,0.024106801081780437,0.0798,582.4119310876832,8.216625583677278,False,OK,passed gate
158,2024-11-26,2024_11_26_158.txt,annotated,23649,50699,A_same_*,#* baseline,#* baseline end,234,520.6,115.26,1.4,0.2582,6.0,0.0695,0.0042,67.0,68.56,63.86,11.634876902139856,0.42356948206314876,0.02807618207462967,0.0121,520.5734500093092,1.3966544944344805,False,OK,passed gate
159,2024-11-26,2024_11_26_159.txt,annotated,28299,55349,A_same_*,#* baseline,#* baseline end,229,506.7,118.42,9.24,0.2856,6.0,0.0372,0.0425,75.0,75.33,69.23,7.86030349976028,4.944607596450295,0.052501481657528014,0.078,506.68543279380714,9.239690448756383,False,OK,passed gate
160,2024-11-26,2024_11_26_160.txt,annotated,16499,63799,A_same_*,#* baseline,#* baseline end,428,542.1,110.67,24.59,0.2166,5.0,0.0244,0.0289,73.0,74.9,71.2,10.776189304636103,3.054623371140146,0.10855897652189932,0.2222,542.1419049029773,24.589975550216078,False,OK,passed gate
201,2024-12-14,2024_12_14_201.txt,annotated,94599,119599,A_same_*,#* ecg baseline,#* ecg baseline end,208,499.3,120.17,8.47,0.3949,6.0,0.1097,0.0195,65.0,70.36,64.18,10.444579170509124,0.35913973413842115,0.02471114898717191,0.0705,499.2964824120603,8.470130879424584,False,OK,passed gate
202,2024-12-14,2024_12_14_202.txt,annotated,37599,61299,A_same_1,#1 ecg baseline,#1 ecg baseline end,214,541.8,110.73,2.97,0.4253,6.0,0.0591,0.0063,67.0,69.63,66.17,13.023324372898488,0.3563403561655259,0.043767067078238624,0.0268,541.8468583057746,2.965005392207098,False,OK,passed gate
203,2024-12-14,2024_12_14_203.txt,annotated,71399,96599,A_same_*,#* ecg baseline,#* ecg baseline end,228,541.9,110.71,12.77,0.2431,6.0,0.0732,0.0231,58.0,63.13,60.0,4.466084269177762,0.46207177416909573,0.022040540231437138,0.1154,541.9385643800732,12.772410058229706,False,OK,passed gate
204,2024-12-14,2024_12_14_204.txt,annotated,143599,172949,A_same_*,#* ecg baseline,#* ecg baseline end,278,567.4,105.74,12.49,0.1397,4.0,0.0065,0.0382,68.0,72.07,70.08,4.171775614554036,0.5174333061152638,0.01839536934147873,0.1181,567.4097845754669,12.48576021436387,False,OK,passed gate
205,2024-12-14,2024_12_14_205.txt,annotated,132599,156949,A_same_*,#* ecg baseline,#* ecg baseline end,190,466.5,128.62,3.28,0.2371,6.0,0.023,-0.0006,65.0,94.24,83.09,6.9098002341331215,0.49926632388945275,0.012938314077729645,0.0255,466.4747017688194,3.2781741498986987,False,OK,passed gate
206,2024-12-14,2024_12_14_206.txt,annotated,29499,53849,A_same_*,#* ecg baseline,#* ecg baseline end,215,531.3,112.93,0.96,0.3905,6.0,0.0397,0.043,70.0,74.86,70.45,4.467845694052473,0.4894570978392762,0.02256316323170282,0.0085,531.3250020690226,0.9612290116093161,False,OK,passed gate
207,2024-12-14,2024_12_14_207.txt,annotated,46149,69549,A_same_*,#* ecg baseline,#* ecg baseline end,193,494.3,121.39,12.53,0.2927,6.0,0.0572,0.0294,76.0,76.94,69.84,10.878949807016534,0.5398102949676389,0.03364897935060279,0.1032,494.2933150261735,12.526721003219302,False,OK,passed gate
208,2024-12-14,2024_12_14_208.txt,annotated,36099,64949,A_same_*,#* ecg baseline,#* ecg baseline end,247,512.2,117.15,0.89,0.268,5.0,0.0269,0.0502,74.0,79.83,73.76,3.52094224835146,0.2795933381356069,0.012336615352295821,0.0076,512.1621152711753,0.8885552578905105,False,OK,passed gate
209,2024-12-14,2024_12_14_209.txt,annotated,74449,94549,A_same_*,#* ecg baseline,#* ecg baseline end,164,487.7,123.02,0.85,0.3068,6.0,0.0524,0.0271,72.0,76.42,68.9,6.350979943013451,0.4916681775446329,0.014133563934221788,0.0069,487.7075749264449,0.8458389089062633,False,OK,passed gate
210,2024-12-14,2024_12_14_210.txt,annotated,33399,52499,A_same_*,#* ecg baseline,#* ecg baseline end,190,605.3,99.12,1.11,0.172,5.0,0.006,0.0212,64.0,98.23,98.67,4.9185676464096435,0.8162207840676614,0.010011556662732703,0.0112,605.3165367780506,1.1113559338518675,False,OK,passed gate
211,2024-12-14,2024_12_14_211.txt,annotated,32699,107399,A_same_*,#* ecg baseline,#* ecg baseline end,613,492.4,121.86,1.58,0.6292,6.0,0.1869,0.0159,76.0,79.38,71.91,7.645991599586319,0.43821992668059717,0.035047864843158194,0.013,492.37700631562006,1.5786175315349047,False,OK,passed gate
212,2024-12-14,2024_12_14_212.txt,annotated,39199,62599,A_same_*,#* ecg baseline,#* ecg baseline end,200,517.7,115.9,1.03,0.3023,6.0,0.0512,0.0536,73.0,77.2,71.71,5.241470773839712,0.5516307482474669,0.03671703104841097,0.0089,517.6899063475546,1.034725234959669,False,OK,passed gate
213,2024-12-14,2024_12_14_213.txt,annotated,31049,54949,A_same_*,#* ecg baseline,#* ecg baseline end,241,604.9,99.18,1.05,0.4014,6.0,0.0895,-0.0039,55.0,95.0,95.39,,0.9738997166474685,0.018274313861053555,0.0106,604.9403461603092,1.046878870545937,False,OK,passed gate
214,2024-12-14,2024_12_14_214.txt,annotated,30249,52599,A_same_*,#* ecg baseline,#* ecg baseline end,189,506.9,118.38,6.16,0.2174,5.0,0.0488,0.0292,76.0,80.92,74.38,11.153108992742556,0.4073670385393515,0.019294225489086932,0.052,506.85239272073693,6.156682457147123,False,OK,passed gate
215,2024-12-14,2024_12_14_215.txt,annotated,73299,109699,A_same_*,#* ecg baseline,#* ecg baseline end,325,535.4,112.06,7.68,0.1737,6.0,0.0902,0.0214,70.0,72.46,68.44,3.808382718086945,0.49612988199974817,0.019628409424184843,0.0685,535.4044451788812,7.6812745025924,False,OK,passed gate
216,2024-12-14,2024_12_14_216.txt,annotated,83899,102899,A_same_*,#* ecg baseline,#* ecg baseline end,164,515.6,116.38,1.47,0.2305,6.0,0.042,0.0302,77.0,81.22,75.29,1.9977240979541526,0.4909111822110755,0.01671447696593853,0.0127,515.5508697944123,1.4749287028470777,False,OK,passed gate
217,2024-12-14,2024_12_14_217.txt,annotated,11799,32049,A_same_*,#* ecg baseline,#* ecg baseline end,212,626.3,95.8,0.73,0.3024,6.0,0.0863,0.021,61.0,99.33,101.49,0.7111590022187594,0.4932839338369648,0.013118771847878926,0.0076,626.3295898679067,0.7310689070012634,False,OK,passed gate
218,2024-12-14,2024_12_14_218.txt,annotated,24749,52449,A_same_*,#* ecg baseline,#* ecg baseline end,245,529.1,113.41,1.02,0.2705,5.0,0.0728,0.0527,71.0,74.82,70.26,1.6270534424426,0.4874369012404815,0.012372365790009592,0.009,529.0737595316396,1.015987361018553,False,OK,passed gate
219,2024-12-14,2024_12_14_219.txt,annotated,19449,46199,A_same_*,#* ecg baseline,#* ecg baseline end,250,558.9,107.35,4.79,0.3908,6.0,0.0585,0.0249,56.0,61.56,59.42,2.4943143202064384,0.3364946695729354,0.02378423215808734,0.0446,558.9225589225589,4.785985256723511,False,OK,passed gate
220,2024-12-14,2024_12_14_220.txt,annotated,60249,77699,A_same_*,#* ecg baseline,#* ecg baseline end,153,525.8,114.11,1.09,0.3213,6.0,0.0843,0.0149,71.0,74.62,69.85,6.226140745837363,0.4124979095538709,0.021286265105353957,0.0095,525.830258302583,1.0866918919535766,False,OK,passed gate
221,2024-12-17,2024_12_17_221.txt,annotated,55749,72199,A_same_*,#* ecg baseline,#* ecg baseline end,142,516.8,116.1,1.25,0.3499,6.0,0.0606,0.0062,70.0,66.39,61.62,16.052815552124002,0.5587296558854548,0.05095062571940369,0.0108,516.7990226023213,1.249599733280376,False,OK,passed gate
222,2024-12-17,2024_12_17_222.txt,annotated,24099,41899,A_same_*,#* ecg baseline,#* ecg baseline end,152,513.0,116.96,3.66,0.2495,6.0,0.0441,0.0324,73.0,76.78,71.0,8.133730900380899,0.49804988833968017,0.019448474530460357,0.0313,512.9947341600135,3.658562185161427,False,OK,passed gate
223,2024-12-17,2024_12_17_223.txt,annotated,32599,49899,A_same_*,#* ecg baseline,#* ecg baseline end,145,501.6,119.62,1.13,0.2834,5.0,0.0351,0.0212,75.0,73.25,66.97,12.801421631943223,0.46963537651505566,0.01975283142311624,0.0095,501.56739811912223,1.1335629823547675,False,OK,passed gate
224,2024-12-17,2024_12_17_224.txt,annotated,154449,173399,A_same_*,#* ecg baseline,#* ecg baseline end,196,619.2,96.9,3.04,0.2532,6.0,0.0776,0.0083,59.0,100.0,101.59,,0.2782990215993282,0.009120871062873435,0.0314,619.2114315956602,3.0426086863565547,False,OK,passed gate
225,2024-12-17,2024_12_17_225.txt,annotated,86099,104649,A_same_1,#1 ecg baseline,#1 ecg baseline end,144,465.1,128.99,27.27,0.0719,5.0,0.041,0.0044,45.0,90.48,79.66,13.657262796409857,0.7060464915194992,0.009192064804024755,0.2114,465.14149409085985,27.271069255881876,False,OK,passed gate
226,2024-12-17,2024_12_17_226.txt,annotated,13299,40499,A_same_*,#* ecg baseline,#* ecg baseline end,233,514.2,116.69,1.13,0.2219,6.0,0.0307,0.0445,72.0,76.7,71.01,2.6142477512430875,0.5181080118220263,0.018741642745280528,0.0097,514.1843971631206,1.1313233495653803,False,OK,passed gate
227,2024-12-17,2024_12_17_227.txt,annotated,13099,32849,A_same_*,#* ecg baseline,#* ecg baseline end,172,522.2,114.89,1.3,0.2934,6.0,0.0178,0.0382,80.0,83.77,78.15,2.470864967597484,0.5009215315662068,0.01469750323536531,0.0113,522.2171323866239,1.3018205875255096,False,OK,passed gate
228,2024-12-17,2024_12_17_228.txt,annotated,13349,33449,A_same_*,#* ecg baseline,#* ecg baseline end,192,574.4,104.46,0.86,0.4805,6.0,-0.0022,0.0272,64.0,67.45,65.99,6.5168532119041025,0.41605217846404596,0.025986978363805327,0.0082,574.4072978798055,0.856466817339491,False,OK,passed gate
229,2024-12-17,2024_12_17_229.txt,annotated,21199,44499,A_same_*,#* ecg baseline,#* ecg baseline end,219,566.9,105.83,2.75,0.2827,6.0,0.0542,0.0328,71.0,75.0,72.9,2.34468269619,0.5181465517795234,0.020505705811934782,0.026,566.9455160157773,2.749713167685837,False,OK,passed gate
230,2024-12-17,2024_12_17_230.txt,annotated,10899,26849,A_same_*,#* ecg baseline,#* ecg baseline end,142,532.9,112.58,0.89,0.3881,6.0,0.0649,0.0176,74.0,77.12,72.69,1.1258518942333984,0.4695947580462175,0.010076904416196047,0.0079,532.946957288648,0.8876616824057169,False,OK,passed gate
231,2024-12-18,2024_12_18_231.txt,annotated,222099,258099,A_same_*,#* ecg baseline,#* ecg baseline end,322,536.7,111.79,0.85,0.2339,4.0,0.0311,0.0528,48.0,53.14,50.26,1.6522099834749444,0.47672102013072887,0.011661435328904143,0.0076,536.729461598484,0.8507258216817052,False,OK,passed gate
232,2024-12-18,2024_12_18_232.txt,annotated,18849,42999,A_same_*,#* ecg baseline,#* ecg baseline end,132,336.6,178.24,166.98,0.1072,6.0,0.0399,0.029,51.0,97.24,72.84,3.774190437372886,8.007756331329501,0.031572570867095896,0.9369,336.63111910574327,166.98216542544384,False,NEEDS_REVIEW,
233,2024-12-18,2024_12_18_233.txt,annotated,68049,91799,A_same_*,#* ecg baseline,#* ecg baseline end,229,578.2,103.77,0.7,0.2183,5.0,0.117,0.0255,60.0,64.18,63.01,1.4959538461411845,0.4113795914937107,0.01812681802656654,0.0068,578.2154782535188,0.7045472960284388,False,OK,passed gate
234,2024-12-18,2024_12_18_234.txt,annotated,70349,90399,A_same_*,#* ecg baseline,#* ecg baseline end,192,573.2,104.68,27.65,0.2393,5.0,0.1185,0.021,56.0,99.42,97.17,0.5835920751217648,0.6537933027837098,0.030073223546736326,0.2641,573.1719515854757,27.64830996306506,False,OK,passed gate
235,2024-12-18,2024_12_18_235.txt,annotated,86599,107099,A_same_*,#* ecg baseline,#* ecg baseline end,183,533.7,112.42,10.56,0.1066,8.0,0.0181,-0.0011,71.0,38.55,36.36,8.629093681492579,0.8612637777405483,0.02607134746833761,0.0939,533.7243401759531,10.555892736811527,False,OK,passed gate
236,2024-12-18,2024_12_18_236.txt,annotated,33849,53849,A_same_*,#* ecg baseline,#* ecg baseline end,190,573.2,104.68,4.89,0.1289,6.0,0.0427,0.0051,57.0,80.33,78.51,13.710937501226327,0.9171462624299254,0.015731385998730436,0.0467,573.1614859742228,4.892978241203986,False,OK,passed gate
237,2024-12-18,2024_12_18_237.txt,annotated,30649,54449,A_same_*,#* ecg baseline,#* ecg baseline end,220,552.8,108.53,0.76,0.3128,6.0,0.0382,0.0431,65.0,68.47,65.72,1.6087989084742198,0.2813391767556357,0.018242081574151803,0.007,552.8441602154157,0.7558854022943562,False,OK,passed gate
238,2024-12-18,2024_12_18_238.txt,annotated,35149,62899,A_same_*,#* ecg baseline,#* ecg baseline end,244,528.1,113.6,0.86,0.2922,6.0,0.0595,0.0286,69.0,72.04,67.59,2.985023523062044,0.47961783078353165,0.013825883971735444,0.0076,528.1460552053901,0.8578130806287735,False,OK,passed gate
239,2024-12-18,2024_12_18_239.txt,annotated,194799,238249,A_same_*,#* ecg baseline,#* ecg baseline end,394,544.0,110.29,5.59,0.373,6.0,0.0212,0.031,64.0,67.72,64.48,5.304983466012666,0.31107738979164745,0.02845962793731238,0.0507,544.0324850610249,5.59302337507303,False,OK,passed gate
240,2024-12-18,2024_12_18_240.txt,annotated,32349,51649,A_same_*,#* ecg baseline,#* ecg baseline end,174,544.2,110.26,25.8,0.1935,6.0,0.0464,0.0237,61.0,65.54,62.41,7.104942499192606,0.6648775113670609,0.023730469446377776,0.234,544.167758846658,25.798559406067962,False,OK,passed gate
241,2024-12-19,2024_12_19_241.txt,annotated,24499,42499,A_same_*,#* ecg baseline,#* ecg baseline end,156,519.7,115.45,3.3,0.2839,6.0,0.0431,0.0497,78.0,81.67,76.01,1.8879181803575114,0.35856515648934495,0.019651380085436872,0.0286,519.7272828881189,3.2972675335953894,False,OK,passed gate
242,2024-12-19,2024_12_19_242.txt,annotated,41099,60849,A_same_*,#* ecg baseline,#* ecg baseline end,175,531.2,112.94,3.29,0.2832,6.0,0.0347,0.0415,71.0,76.18,71.68,1.6148458485299593,0.37006878332651194,0.01774583862414415,0.0291,531.2436393242418,3.2889948631994166,False,OK,passed gate
243,2024-12-19,2024_12_19_243.txt,annotated,12499,35899,A_same_*,#* ecg baseline,#* ecg baseline end,192,491.7,122.02,1.27,0.3198,6.0,0.0758,0.0289,77.0,81.7,73.96,3.0794086402940737,0.5003201425658247,0.014820664910084902,0.0104,491.7188706770788,1.268891414968806,False,OK,passed gate
244,2024-12-19,2024_12_19_244.txt,annotated,64199,94899,A_same_*,#* ecg baseline,#* ecg baseline end,286,559.1,107.32,6.38,0.2834,6.0,0.0074,0.0302,64.0,68.32,65.95,8.66197725150921,2.8527979561771852,0.033479043554121374,0.0594,559.0610390034982,6.377861620752814,False,OK,passed gate
245,2024-12-19,2024_12_19_245.txt,annotated,62749,92749,D_single_30s,#* ecg baseline,,230,459.5,130.59,25.16,0.3068,6.0,0.0545,-0.0036,75.0,77.72,68.01,18.120595241242917,1.0165869310312494,0.2140949266861554,0.1927,459.47030497592294,25.16363896504995,False,OK,passed gate
246,2024-12-19,2024_12_19_246.txt,annotated,16749,56499,A_same_*,#* ecg baseline,#* ecg baseline end,310,468.7,128.01,3.81,0.3643,6.0,0.0504,-0.0109,45.0,87.63,77.46,15.912125151700444,0.2544935132023877,0.018216145736289036,0.0298,468.72629822521105,3.812141852462902,False,OK,passed gate
247,2024-12-19,2024_12_19_247.txt,annotated,25449,45449,A_same_2,#2 ecg baseline,#2 ecg baseline end,184,550.8,108.93,1.1,0.4048,6.0,0.0679,0.0318,72.0,73.52,70.44,8.219302375782732,0.499170582785316,0.01762231215141135,0.0101,550.8176984047357,1.0996415568146962,False,OK,passed gate
248,2024-12-19,2024_12_19_248.txt,annotated,30299,49199,A_same_*,#* ecg baseline,#* ecg baseline end,161,509.9,117.66,1.0,0.4736,6.0,0.0783,0.0564,73.0,76.64,70.65,1.015209547788782,0.35286311735234177,0.014227702013401896,0.0085,509.933071284394,0.9961403502942126,False,OK,passed gate
249,2024-12-19,2024_12_19_249.txt,annotated,49999,70449,A_same_*,#* ecg baseline,#* ecg baseline end,173,507.1,118.32,1.43,0.1956,5.0,0.0189,0.0047,73.0,87.68,80.6,3.857832946552835,0.41314967718797635,0.011987931690932851,0.0121,507.10038818731266,1.433543009342769,False,OK,passed gate
250,2024-12-19,2024_12_19_250.txt,annotated,23099,43399,A_same_*,#* ecg baseline,#* ecg baseline end,175,516.9,116.07,6.31,0.1809,5.0,0.0218,0.0288,74.0,77.75,72.17,6.848152565814949,0.4475441192492122,0.01677439730489487,0.0544,516.9084517502599,6.3135915118275365,False,OK,passed gate
251,2024-12-20,2024_12_20_251.txt,annotated,13599,32099,A_same_*,#* ecg baseline,#* ecg baseline end,162,522.6,114.81,4.16,0.2423,4.0,0.0114,0.0436,64.0,70.52,65.82,3.693334613835149,0.3411627280431021,0.012082400777595922,0.0363,522.6141527807833,4.163105103090587,False,OK,passed gate
252,2024-12-20,2024_12_20_252.txt,annotated,48299,67949,A_same_*,#* ecg baseline,#* ecg baseline end,184,560.3,107.09,22.08,0.1501,6.0,0.092,0.0171,55.0,62.06,59.97,10.013860586514765,0.9361113615787691,0.016198394180599086,0.2062,560.2612511480763,22.079952217288255,False,OK,passed gate
253,2024-12-20,2024_12_20_253.txt,annotated,50049,71299,A_same_*,#* ecg baseline,#* ecg baseline end,185,524.8,114.33,0.68,0.2828,6.0,0.0572,0.0251,45.0,50.15,46.9,5.0247187724427285,0.46599755173483026,0.025622374485212013,0.006,524.7896563198175,0.6806344433148143,False,OK,passed gate
254,2024-12-20,2024_12_20_254.txt,annotated,96799,117449,A_same_*,#* ecg baseline,#* ecg baseline end,174,504.9,118.83,1.08,0.3446,6.0,0.0686,0.0305,69.0,73.52,67.44,6.008721180843763,0.46545275466997227,0.015725825077756425,0.0091,504.9129292732756,1.0840780251774644,False,OK,passed gate
255,2024-12-20,2024_12_20_255.txt,annotated,14299,42149,A_same_*,#* ecg baseline,#* ecg baseline end,253,544.7,110.15,7.36,0.2157,6.0,0.0622,0.0193,68.0,73.88,70.39,4.389500262058005,0.4470519228084664,0.022071825291810936,0.0668,544.7078319763672,7.3550453835921745,False,OK,passed gate
256,2024-12-20,2024_12_20_256.txt,annotated,20499,37049,A_same_*,#* ecg baseline,#* ecg baseline end,136,494.0,121.45,1.39,0.3309,6.0,0.0671,0.0258,75.0,77.5,70.33,6.413834923192563,0.43245352071828563,0.024264007101305267,0.0114,494.02293242254206,1.3860634610965126,False,OK,passed gate
257,2024-12-20,2024_12_20_257.txt,annotated,59349,78399,A_same_*,#* ecg baseline,#* ecg baseline end,178,560.7,107.02,0.75,0.3912,6.0,0.109,0.0152,59.0,63.82,61.69,5.073824456449026,0.2913805027838984,0.02461903398685831,0.007,560.6588533417802,0.7498073712566149,False,OK,passed gate
258,2024-12-20,2024_12_20_258.txt,annotated,15899,42449,A_same_*,#* ecg baseline,#* ecg baseline end,236,533.2,112.52,5.28,0.2954,5.0,0.0671,0.057,65.0,69.2,65.24,1.458633720369352,0.46428909026724224,0.01938763678817577,0.047,533.2224029043604,5.284480291501129,False,OK,passed gate
259,2024-12-20,2024_12_20_259.txt,annotated,24249,47249,A_same_*,#* ecg baseline,#* ecg baseline end,192,499.0,120.25,26.05,0.1776,6.0,0.0778,0.0174,71.0,72.94,66.52,9.32418246533192,0.5273665722434034,0.01743724821381554,0.2166,498.9767927896547,26.049086715476008,False,OK,passed gate
260,2024-12-20,2024_12_20_260.txt,annotated,125749,143699,A_same_1,#1 ecg baseline,#1 ecg baseline end,164,551.4,108.81,0.59,0.3031,6.0,0.0705,0.02,45.0,52.99,50.8,3.8337719815168954,0.3524536884251207,0.0329333334525144,0.0055,551.4208389715833,0.5937134367093124,False,OK,passed gate
